47.3977,8.54568,540.244,-0.334181,0.171043,4.25717,2018,11,4,13,46,29
47.3977,8.54568,540.258,-0.356305,0.182367,4.23383,2018,11,4,13,46,30
47.3977,8.54568,540.263,-0.375323,0.192101,4.21903,2018,11,4,13,46,30
47.3977,8.54568,540.259,-0.393142,0.201221,4.21346,2018,11,4,13,46,30
47.3977,8.54568,540.25,-0.409881,0.209789,4.21385,2018,11,4,13,46,30
47.3977,8.54568,540.235,-0.428528,0.219333,4.2196,2018,11,4,13,46,30
47.3977,8.54568,540.218,-0.446879,0.228725,4.2272,2018,11,4,13,46,31
47.3977,8.54568,540.196,-0.46448,0.237734,4.23877,2018,11,4,13,46,31
47.3977,8.54568,540.171,-0.479192,0.245264,4.25471,2018,11,4,13,46,31
47.3977,8.54568,540.142,-0.489648,0.250616,4.27446,2018,11,4,13,46,31
47.3977,8.54568,540.11,-0.491306,0.251464,4.2975,2018,11,4,13,46,31
47.3977,8.54568,540.079,-0.488537,0.250047,4.32117,2018,11,4,13,46,32
47.3977,8.54568,540.047,-0.478007,0.244658,4.34494,2018,11,4,13,46,32
47.3977,8.54568,540.014,-0.460937,0.23592,4.37085,2018,11,4,13,46,32
47.3977,8.54568,539.98,-0.440135,0.225273,4.39855,2018,11,4,13,46,32
47.3977,8.54568,539.945,-0.414124,0.21196,4.42685,2018,11,4,13,46,32
47.3977,8.54568,539.911,-0.385606,0.197364,4.45344,2018,11,4,13,46,33
47.3977,8.54568,539.877,-0.355285,0.181845,4.48215,2018,11,4,13,46,33
47.3977,8.54568,539.839,-0.31953,0.163544,4.51334,2018,11,4,13,46,33
47.3977,8.54568,539.803,-0.28381,0.145262,4.54251,2018,11,4,13,46,33
47.3977,8.54568,539.767,-0.244649,0.125218,4.57213,2018,11,4,13,46,33
47.3977,8.54568,539.732,-0.210795,0.107891,4.60042,2018,11,4,13,46,34
47.3977,8.54568,539.697,-0.171361,0.0877074,4.6289,2018,11,4,13,46,34
47.3977,8.54568,539.66,-0.13329,0.0682214,4.65821,2018,11,4,13,46,34
47.3977,8.54568,539.624,-0.0964848,0.0493837,4.68713,2018,11,4,13,46,34
47.3977,8.54568,539.588,-0.0592801,-0.00307694,4.71556,2018,11,4,13,46,34
47.3977,8.54567,539.558,-0.0260445,-0.00135184,4.739,2018,11,4,13,46,35
47.3977,8.54567,539.529,0.00577406,0.000299703,4.75982,2018,11,4,13,46,35
47.3977,8.54567,539.5,0.0342517,0.00177784,4.78031,2018,11,4,13,46,35
47.3977,8.54567,539.474,0.0589388,0.00305922,4.79702,2018,11,4,13,46,35
47.3977,8.54567,539.451,0.0767419,0.00398329,4.81206,2018,11,4,13,46,35
47.3977,8.54567,539.427,0.0928364,0.00481868,4.82612,2018,11,4,13,46,36
47.3977,8.54567,539.403,0.107918,0.00560147,4.84154,2018,11,4,13,46,36
47.3977,8.54567,539.38,0.121251,0.00629354,4.85543,2018,11,4,13,46,36
47.3977,8.54567,539.355,0.131105,0.00680502,4.87096,2018,11,4,13,46,36
47.3977,8.54567,539.334,0.138331,0.00718008,4.88369,2018,11,4,13,46,36
47.3977,8.54567,539.315,0.14324,0.00743488,4.89223,2018,11,4,13,46,37
47.3977,8.54567,539.298,0.146449,0.00760143,4.90025,2018,11,4,13,46,37
47.3977,8.54567,539.278,0.146997,0.00762987,4.91032,2018,11,4,13,46,37
47.3977,8.54567,539.257,0.146895,0.00762459,4.92113,2018,11,4,13,46,37
47.3977,8.54567,539.236,0.142152,0.00737843,4.93392,2018,11,4,13,46,37
47.3977,8.54567,539.218,0.13836,0.00718159,4.94426,2018,11,4,13,46,38
47.3977,8.54567,539.2,0.133885,0.0069493,4.95232,2018,11,4,13,46,38
47.3977,8.54567,539.182,0.123785,0.00642509,4.96243,2018,11,4,13,46,38
47.3977,8.54567,539.163,0.118001,0.00612483,4.97301,2018,11,4,13,46,38
47.3977,8.54567,539.144,0.113376,0.00588479,4.98376,2018,11,4,13,46,38
47.3977,8.54567,539.125,0.10973,0.00569555,4.99535,2018,11,4,13,46,39
47.3977,8.54567,539.104,0.104177,0.00540732,5.00848,2018,11,4,13,46,39
47.3978,8.54567,539.085,0.0972671,0.00504865,5.02013,2018,11,4,13,46,39
47.3978,8.54567,539.067,0.0900718,0.00467518,5.03128,2018,11,4,13,46,39
47.3978,8.54567,539.047,0.080261,0.00382195,5.04281,2018,11,4,13,46,39
47.3978,8.54567,539.029,0.0704473,0.00335463,5.05369,2018,11,4,13,46,40
47.3978,8.54567,539.013,0.0602872,0.00287081,5.06091,2018,11,4,13,46,40
47.3978,8.54567,539.002,0.0494137,0.00235303,5.06448,2018,11,4,13,46,40
47.3978,8.54567,538.993,0.0390494,0.00185949,5.0664,2018,11,4,13,46,40
47.3978,8.54567,538.983,0.0282878,0.00134703,5.06849,2018,11,4,13,46,40
47.3978,8.54567,538.975,0.0172522,0.000821532,5.06836,2018,11,4,13,46,41
47.3978,8.54567,538.969,0.00734879,0.000349942,5.06633,2018,11,4,13,46,41
47.3978,8.54567,538.962,-0.00222032,-0.000105729,5.0656,2018,11,4,13,46,41
47.3978,8.54567,538.952,-0.0125662,-0.00059839,5.06763,2018,11,4,13,46,41
47.3978,8.54567,538.944,-0.0235295,-0.00112045,5.06817,2018,11,4,13,46,41
47.3978,8.54567,538.935,-0.0349492,-0.00166424,5.06979,2018,11,4,13,46,42
47.3978,8.54567,538.925,-0.0467023,-0.00222391,5.07291,2018,11,4,13,46,42
47.3978,8.54567,538.918,-0.0588904,-0.0028043,5.07242,2018,11,4,13,46,42
47.3978,8.54567,538.913,-0.0712826,-0.0033944,5.07057,2018,11,4,13,46,42
47.3978,8.54567,538.906,-0.0846552,-0.00403119,5.07028,2018,11,4,13,46,42
47.3978,8.54567,538.899,-0.0974547,-0.00464069,5.07097,2018,11,4,13,46,43
47.3978,8.54567,538.896,-0.110499,-0.00526187,5.06701,2018,11,4,13,46,43
47.3978,8.54567,538.892,-0.122061,-0.00581242,5.06365,2018,11,4,13,46,43
47.3978,8.54568,538.888,-0.132749,-0.00632139,5.06068,2018,11,4,13,46,43
47.3978,8.54568,538.885,-0.143006,-0.00680978,5.05623,2018,11,4,13,46,43
47.3978,8.54568,538.881,-0.154532,-0.00735864,5.05375,2018,11,4,13,46,44
47.3978,8.54568,538.874,-0.166607,-0.00793365,5.05443,2018,11,4,13,46,44
47.3978,8.54568,538.868,-0.177832,-0.00846817,5.05387,2018,11,4,13,46,44
47.3978,8.54568,538.863,-0.190604,-0.00907635,5.05268,2018,11,4,13,46,44
47.3978,8.54568,538.857,-0.203589,-0.0102429,5.05271,2018,11,4,13,46,44
47.3978,8.54568,538.854,-0.21537,-0.0108356,5.05022,2018,11,4,13,46,45
47.3978,8.54568,538.85,-0.226033,-0.0113721,5.04759,2018,11,4,13,46,45
47.3978,8.54568,538.847,-0.235456,-0.0118462,5.04435,2018,11,4,13,46,45
47.3978,8.54568,538.844,-0.243164,-0.012234,5.04053,2018,11,4,13,46,45
47.3978,8.54568,538.844,-0.246825,-0.0124182,5.03518,2018,11,4,13,46,45
47.3978,8.54568,538.843,-0.2487,-0.0125125,5.02943,2018,11,4,13,46,46
47.3978,8.54568,538.843,-0.249505,-0.012553,5.02367,2018,11,4,13,46,46
47.3978,8.54568,538.841,-0.248521,-0.0125035,5.02042,2018,11,4,13,46,46
47.3978,8.54568,538.837,-0.248104,-0.0124825,5.01785,2018,11,4,13,46,46
47.3978,8.54568,538.832,-0.246438,-0.0123987,5.01786,2018,11,4,13,46,46
47.3978,8.54568,538.829,-0.244253,-0.0122888,5.01516,2018,11,4,13,46,47
47.3978,8.54568,538.825,-0.240473,-0.0120986,5.01418,2018,11,4,13,46,47
47.3978,8.54568,538.822,-0.238154,-0.0119819,5.01216,2018,11,4,13,46,47
47.3978,8.54568,538.82,-0.236167,-0.011882,5.00891,2018,11,4,13,46,47
47.3978,8.54568,538.818,-0.232779,-0.0117115,5.00646,2018,11,4,13,46,47
47.3978,8.54568,538.815,-0.227013,-0.0114214,5.00458,2018,11,4,13,46,48
47.3978,8.54568,538.807,-0.215388,-0.0108365,5.00751,2018,11,4,13,46,48
47.3978,8.54568,538.803,-0.206828,-0.0104059,5.00715,2018,11,4,13,46,48
47.3978,8.54568,538.798,-0.200323,-0.0100786,5.00734,2018,11,4,13,46,48
47.3978,8.54568,538.794,-0.192925,-0.00970637,5.00726,2018,11,4,13,46,48
47.3978,8.54568,538.79,-0.184898,-0.00930251,5.0071,2018,11,4,13,46,49
47.3978,8.54567,538.783,-0.174529,-0.00878086,5.00914,2018,11,4,13,46,49
47.3978,8.54567,538.774,-0.166236,-0.0083636,5.01333,2018,11,4,13,46,49
47.3978,8.54567,538.766,-0.157389,-0.00791851,5.01628,2018,11,4,13,46,49
47.3978,8.54567,538.759,-0.146869,-0.00747521,5.01886,2018,11,4,13,46,49
47.3978,8.54567,538.753,-0.135436,-0.00689332,5.02028,2018,11,4,13,46,50
47.3978,8.54567,538.747,-0.12234,-0.00622678,5.02117,2018,11,4,13,46,50
47.3978,8.54567,538.742,-0.108887,-0.00554203,5.02121,2018,11,4,13,46,50
47.3978,8.54567,538.737,-0.0957155,-0.00487166,5.02093,2018,11,4,13,46,50
47.3978,8.54567,538.733,-0.0848671,-0.0043195,5.01954,2018,11,4,13,46,50
47.3978,8.54567,538.727,-0.0730582,-0.00371846,5.02073,2018,11,4,13,46,51
47.3978,8.54567,538.721,-0.0633099,-0.0032223,5.0216,2018,11,4,13,46,51
47.3978,8.54567,538.711,-0.0535144,-0.00272374,5.02633,2018,11,4,13,46,51
47.3978,8.54567,538.704,-0.044154,-0.00224732,5.02894,2018,11,4,13,46,51
47.3978,8.54567,538.695,-0.0347591,-0.00176915,5.03235,2018,11,4,13,46,51
47.3978,8.54567,538.686,-0.0248021,-0.00126236,5.03578,2018,11,4,13,46,52
47.3978,8.54567,538.678,-0.0130965,-0.000666576,5.03954,2018,11,4,13,46,52
47.3978,8.54567,538.671,-0.00362723,-0.000184616,5.04137,2018,11,4,13,46,52
47.3978,8.54567,538.665,0.00725134,0.000369074,5.04226,2018,11,4,13,46,52
47.3978,8.54567,538.661,0.0191183,0.000973069,5.04033,2018,11,4,13,46,52
47.3978,8.54567,538.655,0.030849,0.00157013,5.04067,2018,11,4,13,46,53
47.3978,8.54567,538.647,0.0419917,0.00213726,5.04303,2018,11,4,13,46,53
47.3978,8.54567,538.636,0.0529119,0.00269307,5.048,2018,11,4,13,46,53
47.3978,8.54567,538.627,0.0635561,0.00323484,5.05181,2018,11,4,13,46,53
47.3978,8.54567,538.62,0.0752563,0.00383034,5.05246,2018,11,4,13,46,53
47.3978,8.54567,538.61,0.0878605,0.00447186,5.0566,2018,11,4,13,46,54
47.3978,8.54567,538.597,0.0994463,0.00506155,5.06354,2018,11,4,13,46,54
47.3978,8.54567,538.589,0.110535,0.00562593,5.06648,2018,11,4,13,46,54
47.3978,8.54567,538.58,0.123922,0.00630729,5.06967,2018,11,4,13,46,54
47.3978,8.54567,538.571,0.136557,0.00681284,5.07301,2018,11,4,13,46,54
47.3978,8.54567,538.563,0.148034,0.00738545,5.07578,2018,11,4,13,46,55
47.3978,8.54567,538.557,0.160876,0.00802612,5.07706,2018,11,4,13,46,55
47.3978,8.54567,538.551,0.172877,0.00862488,5.07815,2018,11,4,13,46,55
47.3978,8.54567,538.544,0.183229,0.00914135,5.07969,2018,11,4,13,46,55
47.3978,8.54567,538.54,0.192054,0.00958163,5.07956,2018,11,4,13,46,55
47.3978,8.54567,538.535,0.198802,0.00991827,5.08037,2018,11,4,13,46,56
47.3978,8.54567,538.53,0.203375,0.0101464,5.08127,2018,11,4,13,46,56
47.3978,8.54567,538.528,0.206957,0.0103251,5.0782,2018,11,4,13,46,56
47.3978,8.54567,538.526,0.209341,0.0104441,5.07607,2018,11,4,13,46,56
47.3978,8.54567,538.523,0.209702,0.0104621,5.07455,2018,11,4,13,46,56
47.3978,8.54567,538.517,0.208947,0.0104244,5.07571,2018,11,4,13,46,57
47.3978,8.54567,538.512,0.207455,0.01035,5.07607,2018,11,4,13,46,57
47.3978,8.54567,538.504,0.205191,0.010237,5.08034,2018,11,4,13,46,57
47.3978,8.54567,538.495,0.202589,0.0101072,5.08423,2018,11,4,13,46,57
47.3978,8.54567,538.486,0.198702,0.0099133,5.08909,2018,11,4,13,46,57
47.3978,8.54567,538.481,0.195262,0.00974169,5.09084,2018,11,4,13,46,58
47.3978,8.54567,538.474,0.190277,0.00949295,5.09415,2018,11,4,13,46,58
47.3978,8.54567,538.469,0.18582,0.0092706,5.09518,2018,11,4,13,46,58
47.3978,8.54567,538.464,0.1834,0.00914985,5.09563,2018,11,4,13,46,58
47.3978,8.54567,538.46,0.181076,0.00903392,5.09585,2018,11,4,13,46,58
47.3978,8.54567,538.453,0.17843,0.0089019,5.09887,2018,11,4,13,46,59
47.3978,8.54567,538.448,0.175374,0.00874944,5.1004,2018,11,4,13,46,59
47.3978,8.54567,538.441,0.171551,0.00855871,5.10254,2018,11,4,13,46,59
47.3978,8.54567,538.438,0.167561,0.00835967,5.10207,2018,11,4,13,46,59
47.3978,8.54567,538.437,0.16269,0.00810313,5.09911,2018,11,4,13,46,59
47.3978,8.54567,538.434,0.158341,0.00788653,5.09843,2018,11,4,13,47,0
47.3978,8.54567,538.429,0.154066,0.0076736,5.09891,2018,11,4,13,47,0
47.3978,8.54567,538.428,0.148574,0.00740008,5.09637,2018,11,4,13,47,0
47.3978,8.54567,538.426,0.142997,0.0071223,5.09433,2018,11,4,13,47,0
47.3978,8.54567,538.425,0.136336,0.00679052,5.09259,2018,11,4,13,47,0
47.3978,8.54567,538.424,0.127875,0.00636908,5.08964,2018,11,4,13,47,1
47.3978,8.54567,538.421,0.119787,0.00596627,5.08856,2018,11,4,13,47,1
47.3978,8.54567,538.42,0.112147,0.00558574,5.08696,2018,11,4,13,47,1
47.3978,8.54567,538.42,0.103743,0.00516717,5.08285,2018,11,4,13,47,1
47.3978,8.54567,538.42,0.0941062,0.00468717,5.07992,2018,11,4,13,47,1
47.3978,8.54567,538.415,0.0843138,0.00419944,5.08081,2018,11,4,13,47,2
47.3978,8.54567,538.414,0.0741766,0.00369453,5.07838,2018,11,4,13,47,2
47.3978,8.54567,538.414,0.0640177,0.00318855,5.07514,2018,11,4,13,47,2
47.3978,8.54567,538.413,0.0540024,0.00268971,5.07312,2018,11,4,13,47,2
47.3978,8.54567,538.412,0.0444679,0.00221483,5.07065,2018,11,4,13,47,2
47.3978,8.54567,538.411,0.0338664,0.00168679,5.06809,2018,11,4,13,47,3
47.3978,8.54567,538.413,0.0221539,0.00110343,5.06241,2018,11,4,13,47,3
47.3978,8.54567,538.418,0.0113478,0.000565204,5.05494,2018,11,4,13,47,3
47.3978,8.54567,538.421,0.00014698,7.32066e-06,5.04804,2018,11,4,13,47,3
47.3978,8.54567,538.427,-0.0114729,-0.000571433,5.03951,2018,11,4,13,47,3
47.3978,8.54567,538.433,-0.0228942,-0.0011403,5.02995,2018,11,4,13,47,4
47.3978,8.54567,538.439,-0.0343085,-0.00170881,5.02036,2018,11,4,13,47,4
47.3978,8.54567,538.446,-0.044706,-0.00222668,5.01126,2018,11,4,13,47,4
47.3978,8.54567,538.451,-0.0565946,-0.00281882,5.00299,2018,11,4,13,47,4
47.3978,8.54567,538.454,-0.0684715,-0.00344497,4.99672,2018,11,4,13,47,4
47.3978,8.54567,538.458,-0.0809257,-0.00407157,4.99015,2018,11,4,13,47,5
47.3978,8.54567,538.461,-0.0927853,-0.00466826,4.98457,2018,11,4,13,47,5
47.3978,8.54567,538.462,-0.103115,-0.00518796,4.98064,2018,11,4,13,47,5
47.3978,8.54567,538.464,-0.112169,-0.00564349,4.97545,2018,11,4,13,47,5
47.3978,8.54567,538.467,-0.118623,-0.0059682,4.96917,2018,11,4,13,47,5
47.3978,8.54567,538.467,-0.123265,-0.00620177,4.96693,2018,11,4,13,47,6
47.3978,8.54567,538.466,-0.12766,-0.0064229,4.96538,2018,11,4,13,47,6
47.3978,8.54567,538.465,-0.130932,-0.00658749,4.9637,2018,11,4,13,47,6
47.3978,8.54567,538.465,-0.132696,-0.00667628,4.9617,2018,11,4,13,47,6
47.3978,8.54567,538.465,-0.133851,-0.00673438,4.9583,2018,11,4,13,47,6
47.3978,8.54567,538.467,-0.134659,-0.00677504,4.95435,2018,11,4,13,47,7
47.3978,8.54567,538.467,-0.134637,-0.0067739,4.95172,2018,11,4,13,47,7
47.3978,8.54567,538.464,-0.13317,-0.00670011,4.95225,2018,11,4,13,47,7
47.3978,8.54567,538.461,-0.130702,-0.00657593,4.95283,2018,11,4,13,47,7
47.3978,8.54567,538.458,-0.127897,-0.00643481,4.95313,2018,11,4,13,47,7
47.3978,8.54567,538.458,-0.125904,-0.00633453,4.95065,2018,11,4,13,47,8
47.3978,8.54567,538.455,-0.124519,-0.00626484,4.9514,2018,11,4,13,47,8
47.3978,8.54567,538.451,-0.121104,-0.00609302,4.95343,2018,11,4,13,47,8
47.3978,8.54567,538.444,-0.11633,-0.00585286,4.95756,2018,11,4,13,47,8
47.3978,8.54567,538.439,-0.110084,-0.00553858,4.96102,2018,11,4,13,47,8
47.3978,8.54567,538.437,-0.103098,-0.00518711,4.9605,2018,11,4,13,47,9
47.3978,8.54567,538.434,-0.0965894,-0.00485965,4.96087,2018,11,4,13,47,9
47.3978,8.54567,538.429,-0.0892196,-0.00448886,4.9644,2018,11,4,13,47,9
47.3978,8.54567,538.42,-0.0825059,-0.00415107,4.97077,2018,11,4,13,47,9
47.3978,8.54567,538.412,-0.0760232,-0.00380116,4.97663,2018,11,4,13,47,9
47.3978,8.54567,538.405,-0.0691001,-0.003455,4.98061,2018,11,4,13,47,10
47.3978,8.54567,538.4,-0.0638619,-0.00319309,4.98368,2018,11,4,13,47,10
47.3978,8.54567,538.394,-0.059308,-0.0029654,4.98743,2018,11,4,13,47,10
47.3978,8.54567,538.387,-0.0552689,-0.00276344,4.99204,2018,11,4,13,47,10
47.3978,8.54567,538.38,-0.0503692,-0.00251846,4.99706,2018,11,4,13,47,10
47.3978,8.54567,538.371,-0.046464,-0.0023232,5.00377,2018,11,4,13,47,11
47.3978,8.54567,538.361,-0.0420009,-0.00210004,5.01145,2018,11,4,13,47,11
47.3978,8.54567,538.353,-0.036439,-0.00182195,5.0167,2018,11,4,13,47,11
47.3978,8.54567,538.349,-0.0299996,-0.00149998,5.01962,2018,11,4,13,47,11
47.3978,8.54567,538.344,-0.0240997,-0.00120499,5.02152,2018,11,4,13,47,11
47.3978,8.54567,538.338,-0.0187123,-0.000935614,5.02558,2018,11,4,13,47,12
47.3978,8.54567,538.332,-0.0129735,-0.000648673,5.02959,2018,11,4,13,47,12
47.3978,8.54567,538.326,-0.00782995,-0.000391497,5.03407,2018,11,4,13,47,12
47.3978,8.54567,538.316,-0.00177802,-8.89011e-05,5.04154,2018,11,4,13,47,12
47.3978,8.54567,538.309,0.00379098,0.000189549,5.04642,2018,11,4,13,47,12
47.3978,8.54567,538.303,0.0089428,0.00044714,5.0503,2018,11,4,13,47,13
47.3978,8.54567,538.298,0.0134712,0.000673561,5.05399,2018,11,4,13,47,13
47.3978,8.54567,538.291,0.0172,0.000859999,5.05866,2018,11,4,13,47,13
47.3978,8.54567,538.283,0.0209868,0.00104934,5.06443,2018,11,4,13,47,13
47.3978,8.54567,538.273,0.0253184,0.00126592,5.07247,2018,11,4,13,47,13
47.3978,8.54567,538.265,0.0282169,0.00141085,5.0781,2018,11,4,13,47,14
47.3978,8.54567,538.26,0.0319122,0.00159561,5.08152,2018,11,4,13,47,14
47.3978,8.54567,538.257,0.0368771,0.00184385,5.08294,2018,11,4,13,47,14
47.3978,8.54567,538.254,0.0408958,0.00204479,5.08469,2018,11,4,13,47,14
47.3978,8.54567,538.251,0.045498,0.00228114,5.08598,2018,11,4,13,47,14
47.3978,8.54567,538.244,0.0489111,0.00245226,5.09119,2018,11,4,13,47,15
47.3978,8.54567,538.238,0.0528221,0.00264835,5.09578,2018,11,4,13,47,15
47.3978,8.54567,538.235,0.0557721,0.00279625,5.09711,2018,11,4,13,47,15
47.3978,8.54567,538.233,0.0581273,0.00291434,5.0972,2018,11,4,13,47,15
47.3978,8.54567,538.231,0.0597113,0.00299375,5.09781,2018,11,4,13,47,15
47.3978,8.54567,538.23,0.0603748,0.00302702,5.09735,2018,11,4,13,47,16
47.3978,8.54567,538.226,0.0630311,0.0031602,5.09966,2018,11,4,13,47,16
47.3978,8.54567,538.223,0.0640848,0.00321303,5.10119,2018,11,4,13,47,16
47.3978,8.54567,538.221,0.0648197,0.00324988,5.10135,2018,11,4,13,47,16
47.3978,8.54567,538.218,0.064611,0.00323941,5.10298,2018,11,4,13,47,16
47.3978,8.54567,538.216,0.0634952,0.00318346,5.10385,2018,11,4,13,47,17
47.3978,8.54567,538.217,0.062712,0.0031442,5.10209,2018,11,4,13,47,17
47.3978,8.54567,538.218,0.0630178,0.00315953,5.09921,2018,11,4,13,47,17
47.3978,8.54567,538.217,0.0634511,0.00318126,5.09941,2018,11,4,13,47,17
47.3978,8.54567,538.216,0.0627236,0.00314478,5.09904,2018,11,4,13,47,17
47.3978,8.54567,538.216,0.0603507,0.00302581,5.09727,2018,11,4,13,47,18
47.3978,8.54567,538.214,0.058507,0.00293337,5.09913,2018,11,4,13,47,18
47.3978,8.54567,538.213,0.0557278,0.00279403,5.09875,2018,11,4,13,47,18
47.3978,8.54567,538.211,0.0518324,0.00259873,5.09939,2018,11,4,13,47,18
47.3978,8.54567,538.21,0.0481083,0.00241201,5.0994,2018,11,4,13,47,18
47.3978,8.54567,538.213,0.0449897,0.00225565,5.09559,2018,11,4,13,47,19
47.3978,8.54567,538.22,0.0414413,0.00207775,5.0879,2018,11,4,13,47,19
47.3978,8.54567,538.225,0.0362055,0.00181524,5.08152,2018,11,4,13,47,19
47.3978,8.54567,538.229,0.0302066,0.00151447,5.0766,2018,11,4,13,47,19
47.3978,8.54567,538.233,0.0240863,0.00120985,5.07178,2018,11,4,13,47,19
47.3978,8.54567,538.235,0.0177548,0.000891817,5.06901,2018,11,4,13,47,20
47.3978,8.54567,538.236,0.012384,0.000622047,5.06746,2018,11,4,13,47,20
47.3978,8.54567,538.241,0.00668401,0.000335736,5.06185,2018,11,4,13,47,20
47.3978,8.54567,538.246,0.0015898,7.98553e-05,5.05655,2018,11,4,13,47,20
47.3978,8.54567,538.249,-0.00277523,-0.000139399,5.05291,2018,11,4,13,47,20
47.3978,8.54567,538.252,-0.00747386,-0.00037541,5.04923,2018,11,4,13,47,21
47.3978,8.54567,538.257,-0.0127773,-0.000641799,5.04333,2018,11,4,13,47,21
47.3978,8.54567,538.262,-0.0177144,-0.000889788,5.03792,2018,11,4,13,47,21
47.3978,8.54567,538.268,-0.0216432,-0.00108713,5.03158,2018,11,4,13,47,21
47.3978,8.54567,538.274,-0.0251062,-0.00126108,5.02499,2018,11,4,13,47,21
47.3978,8.54567,538.278,-0.027547,-0.00138368,5.02113,2018,11,4,13,47,22
47.3978,8.54567,538.283,-0.0294831,-0.00148093,5.0156,2018,11,4,13,47,22
47.3978,8.54567,538.288,-0.0316653,-0.00159054,5.01006,2018,11,4,13,47,22
47.3978,8.54567,538.293,-0.0341721,-0.00171645,5.00456,2018,11,4,13,47,22
47.3978,8.54567,538.3,-0.0369151,-0.00185423,4.99701,2018,11,4,13,47,22
47.3978,8.54567,538.308,-0.0398862,-0.00200347,4.98902,2018,11,4,13,47,23
47.3978,8.54567,538.314,-0.0422214,-0.00212077,4.9828,2018,11,4,13,47,23
47.3978,8.54567,538.32,-0.0443654,-0.00222846,4.97677,2018,11,4,13,47,23
47.3978,8.54567,538.324,-0.0464002,-0.00233067,4.97264,2018,11,4,13,47,23
47.3978,8.54567,538.328,-0.0485157,-0.00243693,4.9682,2018,11,4,13,47,23
47.3978,8.54567,538.333,-0.0501368,-0.00251836,4.96323,2018,11,4,13,47,24
47.3978,8.54567,538.337,-0.0514148,-0.00258255,4.95907,2018,11,4,13,47,24
47.3978,8.54567,538.341,-0.0532352,-0.00267399,4.95501,2018,11,4,13,47,24
47.3978,8.54567,538.344,-0.0555766,-0.00279159,4.95245,2018,11,4,13,47,24
47.3978,8.54567,538.346,-0.0575115,-0.00291166,4.94951,2018,11,4,13,47,24
47.3978,8.54567,538.35,-0.0590573,-0.00298992,4.94653,2018,11,4,13,47,25
47.3978,8.54567,538.354,-0.0604397,-0.00305991,4.94154,2018,11,4,13,47,25
47.3978,8.54567,538.362,-0.0607799,-0.00307713,4.93469,2018,11,4,13,47,25
47.3978,8.54567,538.366,-0.0606996,-0.00307306,4.92986,2018,11,4,13,47,25
47.3978,8.54567,538.369,-0.0603581,-0.00305577,4.92725,2018,11,4,13,47,25
47.3978,8.54567,538.368,-0.059013,-0.00298768,4.9287,2018,11,4,13,47,26
47.3978,8.54567,538.367,-0.0568746,-0.00287941,4.92989,2018,11,4,13,47,26
47.3978,8.54567,538.368,-0.0545683,-0.00276265,4.92957,2018,11,4,13,47,26
47.3978,8.54567,538.369,-0.0519317,-0.00262917,4.92825,2018,11,4,13,47,26
47.3978,8.54567,538.372,-0.049833,-0.00252291,4.92552,2018,11,4,13,47,26
47.3978,8.54567,538.373,-0.0489303,-0.00247721,4.92479,2018,11,4,13,47,27
47.3978,8.54567,538.373,-0.0488297,-0.00247212,4.92572,2018,11,4,13,47,27
47.3978,8.54567,538.374,-0.0484607,-0.00245344,4.92536,2018,11,4,13,47,27
47.3978,8.54567,538.373,-0.0478414,-0.00242209,4.92638,2018,11,4,13,47,27
47.3978,8.54567,538.373,-0.0483725,-0.00244897,4.92726,2018,11,4,13,47,27
47.3978,8.54567,538.373,-0.0474518,-0.00240236,4.92778,2018,11,4,13,47,28
47.3978,8.54567,538.371,-0.0450364,-0.00228008,4.92953,2018,11,4,13,47,28
47.3978,8.54567,538.369,-0.043544,-0.00220452,4.93255,2018,11,4,13,47,28
47.3978,8.54567,538.367,-0.0435615,-0.00220541,4.93504,2018,11,4,13,47,28
47.3978,8.54567,538.365,-0.0443691,-0.00224629,4.93725,2018,11,4,13,47,28
47.3978,8.54567,538.365,-0.0448392,-0.00227009,4.93844,2018,11,4,13,47,29
47.3978,8.54567,538.363,-0.0447423,-0.00226519,4.94155,2018,11,4,13,47,29
47.3978,8.54567,538.359,-0.0453337,-0.00229513,4.94595,2018,11,4,13,47,29
47.3978,8.54567,538.355,-0.0462155,-0.00233977,4.94993,2018,11,4,13,47,29
47.3978,8.54567,538.354,-0.0449915,-0.00222399,4.95212,2018,11,4,13,47,29
47.3978,8.54567,538.351,-0.0451482,-0.00223174,4.95549,2018,11,4,13,47,30
47.3978,8.54567,538.348,-0.0436221,-0.0021563,4.95962,2018,11,4,13,47,30
47.3978,8.54567,538.346,-0.040845,-0.00201903,4.96227,2018,11,4,13,47,30
47.3978,8.54567,538.344,-0.0379646,-0.00187664,4.9657,2018,11,4,13,47,30
47.3978,8.54567,538.343,-0.0344352,-0.00170218,4.96746,2018,11,4,13,47,30
47.3978,8.54567,538.344,-0.0324662,-0.00160485,4.96732,2018,11,4,13,47,31
47.3978,8.54567,538.346,-0.0291297,-0.00143992,4.96678,2018,11,4,13,47,31
47.3978,8.54567,538.344,-0.0261644,-0.00129334,4.96893,2018,11,4,13,47,31
47.3978,8.54567,538.344,-0.0219819,-0.0010866,4.97029,2018,11,4,13,47,31
47.3978,8.54567,538.343,-0.0189075,-0.000934625,4.97242,2018,11,4,13,47,31
47.3978,8.54567,538.341,-0.0148807,-0.000735575,4.97589,2018,11,4,13,47,32
47.3978,8.54567,538.338,-0.0110764,-0.000547523,4.9795,2018,11,4,13,47,32
47.3978,8.54567,538.335,-0.0089457,-0.000442199,4.98385,2018,11,4,13,47,32
47.3978,8.54567,538.332,-0.00656454,-0.000324495,4.9877,2018,11,4,13,47,32
47.3978,8.54567,538.332,-0.00333751,-0.000164978,4.98967,2018,11,4,13,47,32
47.3978,8.54567,538.334,-0.000837198,-4.13839e-05,4.98886,2018,11,4,13,47,33
47.3978,8.54567,538.335,0.00266695,0.000131831,4.98909,2018,11,4,13,47,33
47.3978,8.54567,538.335,0.00772096,0.000381658,4.99049,2018,11,4,13,47,33
47.3978,8.54567,538.335,0.0129362,0.000639453,4.99239,2018,11,4,13,47,33
47.3978,8.54567,538.333,0.0171337,0.000846946,4.99572,2018,11,4,13,47,33
47.3978,8.54567,538.327,0.0223781,0.00110618,5.00227,2018,11,4,13,47,34
47.3978,8.54567,538.325,0.0275441,0.00136155,5.00643,2018,11,4,13,47,34
47.3978,8.54567,538.324,0.0307423,0.00151964,5.00878,2018,11,4,13,47,34
47.3978,8.54567,538.322,0.0342073,0.00169092,5.01231,2018,11,4,13,47,34
47.3978,8.54567,538.32,0.0381764,0.00192739,5.01597,2018,11,4,13,47,34
47.3978,8.54567,538.321,0.0423322,0.00213721,5.0162,2018,11,4,13,47,35
47.3978,8.54567,538.322,0.0450547,0.00227466,5.01657,2018,11,4,13,47,35
47.3978,8.54567,538.323,0.0486093,0.00245412,5.01775,2018,11,4,13,47,35
47.3979,8.54567,538.325,0.0503689,0.00254295,5.01791,2018,11,4,13,47,35
47.3979,8.54567,538.325,0.0521338,0.00263206,5.01941,2018,11,4,13,47,35
47.3979,8.54567,538.328,0.0551542,0.00278454,5.01835,2018,11,4,13,47,36
47.3979,8.54567,538.333,0.057511,0.00290353,5.01533,2018,11,4,13,47,36
47.3979,8.54567,538.335,0.0583628,0.00294654,5.01436,2018,11,4,13,47,36
47.3979,8.54567,538.339,0.0592122,0.00298942,5.01233,2018,11,4,13,47,36
47.3979,8.54567,538.342,0.0606862,0.00306384,5.01112,2018,11,4,13,47,36
47.3979,8.54567,538.345,0.0627024,0.00316563,5.01059,2018,11,4,13,47,37
47.3979,8.54567,538.347,0.0653824,0.00330093,5.01075,2018,11,4,13,47,37
47.3979,8.54567,538.348,0.0691794,0.00349263,5.01159,2018,11,4,13,47,37
47.3979,8.54567,538.35,0.0729808,0.00368455,5.01165,2018,11,4,13,47,37
47.3979,8.54567,538.353,0.0752989,0.00380158,5.01085,2018,11,4,13,47,37
47.3979,8.54567,538.354,0.0762859,0.00385142,5.01125,2018,11,4,13,47,38
47.3979,8.54567,538.355,0.0783159,0.0039539,5.01282,2018,11,4,13,47,38
47.3979,8.54567,538.355,0.0806135,0.0040699,5.01433,2018,11,4,13,47,38
47.3979,8.54566,538.356,0.0828659,0.00418361,5.01589,2018,11,4,13,47,38
47.3979,8.54566,538.355,0.0845889,0.0042706,5.01871,2018,11,4,13,47,38
47.3979,8.54566,538.356,0.0864299,0.00436355,5.01946,2018,11,4,13,47,39
47.3979,8.54566,538.357,0.0870238,0.00439353,5.02035,2018,11,4,13,47,39
47.3979,8.54566,538.357,0.0877071,0.00442803,5.02185,2018,11,4,13,47,39
47.3979,8.54566,538.361,0.0885035,0.00446824,5.02077,2018,11,4,13,47,39
47.3979,8.54566,538.364,0.0884196,0.00445501,5.0196,2018,11,4,13,47,39
47.3979,8.54566,538.367,0.088808,0.00447457,5.01836,2018,11,4,13,47,40
47.3979,8.54566,538.372,0.0893918,0.00450399,5.01644,2018,11,4,13,47,40
47.3979,8.54566,538.376,0.0903583,0.00455269,5.01505,2018,11,4,13,47,40
47.3979,8.54566,538.379,0.0905009,0.00455987,5.01375,2018,11,4,13,47,40
47.3979,8.54566,538.383,0.0909019,0.00458007,5.01299,2018,11,4,13,47,40
47.3979,8.54566,538.386,0.0908083,0.00457536,5.01277,2018,11,4,13,47,41
47.3979,8.54566,538.386,0.090378,0.00455368,5.01505,2018,11,4,13,47,41
47.3979,8.54566,538.386,0.0887954,0.00447394,5.01764,2018,11,4,13,47,41
47.3979,8.54566,538.387,0.085299,0.00429777,5.02,2018,11,4,13,47,41
47.3979,8.54566,538.39,0.0803329,0.00404756,5.01965,2018,11,4,13,47,41
47.3979,8.54566,538.394,0.0749799,0.00377785,5.0183,2018,11,4,13,47,42
47.3979,8.54566,538.397,0.0688286,0.00346791,5.01833,2018,11,4,13,47,42
47.3979,8.54566,538.399,0.0623224,0.0031401,5.01984,2018,11,4,13,47,42
47.3979,8.54566,538.402,0.0552753,0.00278504,5.01985,2018,11,4,13,47,42
47.3979,8.54566,538.404,0.0496552,0.00250187,5.02046,2018,11,4,13,47,42
47.3979,8.54566,538.406,0.044202,0.00222711,5.02216,2018,11,4,13,47,43
47.3979,8.54566,538.406,0.039911,0.00201091,5.02501,2018,11,4,13,47,43
47.3979,8.54566,538.407,0.0351677,0.00177192,5.02762,2018,11,4,13,47,43
47.3979,8.54566,538.409,0.0320227,0.00161346,5.02877,2018,11,4,13,47,43
47.3979,8.54566,538.412,0.0291504,0.00146874,5.02988,2018,11,4,13,47,43
47.3979,8.54566,538.412,0.0276822,0.00139476,5.03334,2018,11,4,13,47,44
47.3979,8.54566,538.411,0.0273358,0.00137731,5.03676,2018,11,4,13,47,44
47.3979,8.54566,538.413,0.0282128,0.0014215,5.03853,2018,11,4,13,47,44
47.3979,8.54566,538.415,0.0289636,0.00145933,5.04014,2018,11,4,13,47,44
47.3979,8.54566,538.415,0.0284184,0.0014205,5.04337,2018,11,4,13,47,44
47.3979,8.54566,538.415,0.0283095,0.00141506,5.0473,2018,11,4,13,47,45
47.3979,8.54566,538.416,0.0274385,0.00137152,5.05051,2018,11,4,13,47,45
47.3979,8.54566,538.415,0.0254539,0.00127232,5.05472,2018,11,4,13,47,45
47.3979,8.54566,538.415,0.0246063,0.00122995,5.05874,2018,11,4,13,47,45
47.3979,8.54566,538.415,0.0233047,0.00116489,5.0624,2018,11,4,13,47,45
47.3979,8.54566,538.416,0.020944,0.00104689,5.06501,2018,11,4,13,47,46
47.3979,8.54566,538.418,0.020375,0.00101845,5.06749,2018,11,4,13,47,46
47.3979,8.54566,538.42,0.0184149,0.000920472,5.0688,2018,11,4,13,47,46
47.3979,8.54566,538.423,0.0176096,0.000880222,5.06961,2018,11,4,13,47,46
47.3979,8.54566,538.426,0.0155171,0.000775625,5.07063,2018,11,4,13,47,46
47.3979,8.54566,538.43,0.0129993,0.000649775,5.06978,2018,11,4,13,47,47
47.3979,8.54566,538.435,0.0100517,0.000502438,5.06833,2018,11,4,13,47,47
47.3979,8.54566,538.44,0.0068865,0.000344224,5.06704,2018,11,4,13,47,47
47.3979,8.54566,538.443,0.00423766,0.000211821,5.06714,2018,11,4,13,47,47
47.3979,8.54566,538.445,-0.00237223,-0.000118577,5.06858,2018,11,4,13,47,47
47.3979,8.54566,538.448,-0.00722282,-0.000361035,5.06987,2018,11,4,13,47,48
47.3979,8.54566,538.449,-0.00877075,-0.000438409,5.07199,2018,11,4,13,47,48
47.3979,8.54566,538.452,-0.00808441,-0.000404102,5.07279,2018,11,4,13,47,48
47.3979,8.54566,538.457,-0.00803425,-0.000401594,5.07126,2018,11,4,13,47,48
47.3979,8.54566,538.462,-0.00731388,-0.000365587,5.06997,2018,11,4,13,47,48
47.3979,8.54566,538.467,-0.00725977,-0.000362882,5.06931,2018,11,4,13,47,49
47.3979,8.54566,538.471,-0.00747438,-0.000373609,5.06929,2018,11,4,13,47,49
47.3979,8.54566,538.476,-0.0082879,-0.000414273,5.06756,2018,11,4,13,47,49
47.3979,8.54566,538.479,-0.00974683,-0.000487198,5.06917,2018,11,4,13,47,49
47.3979,8.54566,538.48,-0.0117954,-0.000592701,5.072,2018,11,4,13,47,49
47.3979,8.54566,538.479,-0.0148054,-0.000743947,5.07701,2018,11,4,13,47,50
47.3979,8.54566,538.477,-0.018887,-0.000949041,5.08275,2018,11,4,13,47,50
47.3979,8.54566,538.477,-0.0226401,-0.00113763,5.08671,2018,11,4,13,47,50
47.3979,8.54566,538.48,-0.0253096,-0.00127177,5.08782,2018,11,4,13,47,50
47.3979,8.54566,538.482,-0.0283095,-0.00142251,5.08961,2018,11,4,13,47,50
47.3979,8.54566,538.485,-0.0319309,-0.00160448,5.09014,2018,11,4,13,47,51
47.3979,8.54566,538.488,-0.0358739,-0.00180261,5.0914,2018,11,4,13,47,51
47.3979,8.54566,538.488,-0.0400249,-0.00201119,5.09441,2018,11,4,13,47,51
47.3979,8.54566,538.49,-0.044048,-0.00221334,5.09712,2018,11,4,13,47,51
47.3979,8.54566,538.494,-0.0471892,-0.00237118,5.09633,2018,11,4,13,47,51
47.3979,8.54566,538.498,-0.0508504,-0.00255515,5.09573,2018,11,4,13,47,52
47.3979,8.54566,538.503,-0.0537515,-0.00270093,5.09451,2018,11,4,13,47,52
47.3979,8.54566,538.507,-0.0571632,-0.00287236,5.09557,2018,11,4,13,47,52
47.3979,8.54566,538.509,-0.060498,-0.00303993,5.09736,2018,11,4,13,47,52
47.3979,8.54566,538.512,-0.0620706,-0.00311895,5.09863,2018,11,4,13,47,52
47.3979,8.54566,538.517,-0.0644792,-0.00323998,5.09826,2018,11,4,13,47,53
47.3979,8.54566,538.521,-0.0674856,-0.00339105,5.09826,2018,11,4,13,47,53
47.3979,8.54566,538.525,-0.0686505,-0.00344958,5.09932,2018,11,4,13,47,53
47.3979,8.54566,538.53,-0.0704666,-0.00354084,5.09901,2018,11,4,13,47,53
47.3979,8.54566,538.534,-0.071745,-0.00360508,5.09965,2018,11,4,13,47,53
47.3979,8.54566,538.54,-0.0728891,-0.00366257,5.0988,2018,11,4,13,47,54
47.3979,8.54566,538.547,-0.0739821,-0.00371749,5.09673,2018,11,4,13,47,54
47.3979,8.54566,538.554,-0.0758027,-0.00380897,5.09501,2018,11,4,13,47,54
47.3979,8.54566,538.562,-0.0769162,-0.00386492,5.09114,2018,11,4,13,47,54
47.3979,8.54566,538.571,-0.0762916,-0.00382012,5.08713,2018,11,4,13,47,54
47.3979,8.54566,538.58,-0.0760805,-0.00380955,5.08289,2018,11,4,13,47,55
47.3979,8.54566,538.588,-0.0752348,-0.0037672,5.08017,2018,11,4,13,47,55
47.3979,8.54566,538.597,-0.0757135,-0.00379118,5.07542,2018,11,4,13,47,55
47.3979,8.54566,538.606,-0.0753736,-0.00377416,5.07095,2018,11,4,13,47,55
47.3979,8.54566,538.614,-0.0740526,-0.00370801,5.06753,2018,11,4,13,47,55
47.3979,8.54566,538.623,-0.0722366,-0.00361707,5.06372,2018,11,4,13,47,56
47.3979,8.54566,538.631,-0.0701012,-0.00351015,5.06035,2018,11,4,13,47,56
47.3979,8.54566,538.637,-0.0669137,-0.00335055,5.05962,2018,11,4,13,47,56
47.3979,8.54566,538.644,-0.0638521,-0.00319724,5.0569,2018,11,4,13,47,56
47.3979,8.54566,538.651,-0.061438,-0.00307636,5.05474,2018,11,4,13,47,56
47.3979,8.54566,538.658,-0.0578833,-0.00289837,5.05274,2018,11,4,13,47,57
47.3979,8.54566,538.664,-0.0557537,-0.00279173,5.05106,2018,11,4,13,47,57
47.3979,8.54566,538.671,-0.0514492,-0.0025762,5.04924,2018,11,4,13,47,57
47.3979,8.54566,538.677,-0.0488432,-0.00244571,5.04844,2018,11,4,13,47,57
47.3979,8.54566,538.683,-0.0460616,-0.00230642,5.04771,2018,11,4,13,47,57
47.3979,8.54566,538.69,-0.0435698,-0.00218165,5.04605,2018,11,4,13,47,58
47.3979,8.54566,538.696,-0.0405681,-0.00203135,5.04524,2018,11,4,13,47,58
47.3979,8.54566,538.705,-0.0390139,-0.00195353,5.04128,2018,11,4,13,47,58
47.3979,8.54566,538.713,-0.0379377,-0.00189964,5.03857,2018,11,4,13,47,58
47.3979,8.54566,538.719,-0.03616,-0.00181062,5.03747,2018,11,4,13,47,58
47.3979,8.54566,538.726,-0.0339775,-0.00170134,5.0355,2018,11,4,13,47,59
47.3979,8.54566,538.732,-0.0318125,-0.00159294,5.03391,2018,11,4,13,47,59
47.3979,8.54566,538.739,-0.0296703,-0.00148567,5.03263,2018,11,4,13,47,59
47.3979,8.54566,538.748,-0.027823,-0.00139317,5.02973,2018,11,4,13,47,59
47.3979,8.54566,538.756,-0.0267164,-0.00134487,5.02682,2018,11,4,13,47,59
47.3979,8.54566,538.762,-0.0257343,-0.00129544,5.02626,2018,11,4,13,48,0
47.3979,8.54566,538.768,-0.0257282,-0.00129513,5.02588,2018,11,4,13,48,0
47.3979,8.54566,538.772,-0.0252376,-0.00127043,5.02708,2018,11,4,13,48,0
47.3979,8.54566,538.78,-0.024852,-0.00125102,5.02503,2018,11,4,13,48,0
47.3979,8.54566,538.787,-0.0245714,-0.00123689,5.02414,2018,11,4,13,48,0
47.3979,8.54566,538.795,-0.0235852,-0.00118725,5.02169,2018,11,4,13,48,1
47.3979,8.54566,538.804,-0.0224627,-0.00113075,5.01944,2018,11,4,13,48,1
47.3979,8.54566,538.813,-0.0213809,-0.00107629,5.01622,2018,11,4,13,48,1
47.3979,8.54566,538.824,-0.0203518,-0.00102449,5.01196,2018,11,4,13,48,1
47.3979,8.54566,538.833,-0.0199494,-0.00100423,5.00879,2018,11,4,13,48,1
47.3979,8.54566,538.841,-0.0200275,-0.00100816,5.0068,2018,11,4,13,48,2
47.3979,8.54566,538.852,-0.0201212,-0.00101288,5.00258,2018,11,4,13,48,2
47.3979,8.54566,538.861,-0.0198999,-0.00100174,4.99927,2018,11,4,13,48,2
47.3979,8.54566,538.868,-0.020628,-0.00103839,4.99784,2018,11,4,13,48,2
47.3979,8.54566,538.877,-0.0217169,-0.0010932,4.99556,2018,11,4,13,48,2
47.3979,8.54566,538.884,-0.0221865,-0.00111684,4.99426,2018,11,4,13,48,3
47.3979,8.54566,538.892,-0.0225211,-0.00113369,4.99289,2018,11,4,13,48,3
47.3979,8.54566,538.899,-0.0215859,-0.00108661,4.99075,2018,11,4,13,48,3
47.3979,8.54566,538.906,-0.0197565,-0.000994521,4.99054,2018,11,4,13,48,3
47.3979,8.54566,538.915,-0.0172001,-0.000865832,4.98767,2018,11,4,13,48,3
47.3979,8.54566,538.923,-0.0143406,-0.00072189,4.98549,2018,11,4,13,48,4
47.3979,8.54566,538.932,-0.0111257,-0.000560056,4.98282,2018,11,4,13,48,4
47.3979,8.54566,538.943,-0.00842698,-0.000424204,4.97765,2018,11,4,13,48,4
47.3979,8.54566,538.955,-0.00549387,-0.000276555,4.97184,2018,11,4,13,48,4
